id;nombre;apellido;dni;user_id
1;Credit Card Account;Tools Handmade;generating Maine input;2
2;Operative Green Incredible;payment capability;Quality;2
3;Investor;Home;Executive incubate;2
4;matrix Accounts;initiatives policy cross-platform;matrix productivity azure;1
5;override;driver;feed;2
6;payment digital;metrics;Bedfordshire;2
7;Switchable Avon;navigate morph;user-facing Intelligent Granite;2
8;background;Handcrafted Architect deposit;Buckinghamshire;2
9;pixel;Investment Account seamless;interactive;1
10;panel online withdrawal;auxiliary;Assurance Cambridgeshire multi-state;1
