id;nombre_via;numero;piso;bloque;puerta;escalera
1;communities;5071;Alabama deliverables Pants;Auto Loan Account Assistant;bottom-line Coordinator transmit;primary override collaboration
2;Developer Fantastic Frozen Bike Papua New Guinea;91732;Engineer;Awesome Frozen Pizza;forecast;yellow Planner
3;Hong Kong;13712;deposit;Executive out-of-the-box;Lights Vatu;Courts
4;Internal;91480;Markets;Streets Cheese Credit Card Account;Strategist Agent;real-time scale
5;Plastic Pula Plastic;40795;Handcrafted;Wooden;payment disintermediate invoice;CSS
6;Nevada;86503;empower Home Internal;Analyst;Alabama;parallelism action-items Shirt
7;intermediate Unbranded Central;78325;Ramp;Engineer Saint Pierre and Miquelon;SDD Future-proofed Director;Functionality interactive
8;Senior;61908;orchid drive Universal;Fantastic transparent;maroon Berkshire Tasty;Tactics Handcrafted Frozen Mouse
9;Assistant Iraq sensor;91956;Garden AI;Avon;payment Customer-focused;Money Market Account artificial intelligence
10;Generic;46346;Movies Chief;integrated Strategist;quantifying Licensed Cotton Chicken;Trail
